{
  "IcoMoonType": "selection",
  "icons": [
    {
      "icon": {
        "paths": [
          "M548.571 1024l-548.571-561.472 86.186-88.214 462.385 473.199 828.101-847.514 86.184 88.213-914.286 935.787z"
        ],
        "attrs": [
          {
            "fill": "rgb(251, 35, 87)"
          }
        ],
        "width": 1463,
        "isMulticolor": false,
        "isMulticolor2": false,
        "grid": 0,
        "tags": [
          "check-markup-item"
        ]
      },
      "attrs": [
        {
          "fill": "rgb(251, 35, 87)"
        }
      ],
      "properties": {
        "order": 24,
        "id": 0,
        "name": "check-markup-item",
        "prevSize": 32
      },
      "setIdx": 0,
      "setId": 4,
      "iconIdx": 0
    }
  ],
  "height": 1024,
  "preferences": {
    "showGlyphs": true,
    "showQuickUse": true,
    "showQuickUse2": true,
    "showSVGs": true,
    "fontPref": {
      "prefix": "icon-",
      "metadata": {
        "fontFamily": "icomoon"
      },
      "metrics": {
        "emSize": 1024,
        "baseline": 6.25,
        "whitespace": 50
      },
      "embed": false
    },
    "imagePref": {
      "prefix": "icon-",
      "png": true,
      "useClassSelector": true,
      "color": 0,
      "bgColor": 16777215,
      "classSelector": ".icon",
      "name": "icomoon"
    },
    "historySize": 50,
    "showCodes": true,
    "gridSize": 16
  }
}